Sample_ID	Gene	DB_Support_Count	NCBI AMRFinderPlus	CARD	ResFinder	ARG-ANNOT	AMRFinderPlus (abritAMR)	Display
SRR39134500_filt	acrB	1	0	1	0	0	0	acrB²
SRR39134500_filt	acrD	1	0	1	0	0	0	acrD²
SRR39134500_filt	AcrE	1	0	1	0	0	0	AcrE²
SRR39134500_filt	acrF	2	0	1	0	0	1	acrF²⁵
SRR39134500_filt	AcrS	1	0	1	0	0	0	AcrS²
SRR39134500_filt	AmpC1_Ecoli	1	0	0	0	1	0	AmpC1_Ecoli⁴
SRR39134500_filt	AmpC2_Ecoli	1	0	0	0	1	0	AmpC2_Ecoli⁴
SRR39134500_filt	ampH_Ecoli	1	0	0	0	1	0	ampH_Ecoli⁴
SRR39134500_filt	bacA	1	0	1	0	0	0	bacA²
SRR39134500_filt	blaEC-15	1	0	0	0	0	1	blaEC-15⁵
SRR39134500_filt	cpxA	1	0	1	0	0	0	cpxA²
SRR39134500_filt	CRP	1	0	1	0	0	0	CRP²
SRR39134500_filt	EC-18	2	1	1	0	0	0	EC-18¹²
SRR39134500_filt	emrA	1	0	1	0	0	0	emrA²
SRR39134500_filt	emrB	1	0	1	0	0	0	emrB²
SRR39134500_filt	emrK	1	0	1	0	0	0	emrK²
SRR39134500_filt	emrR	1	0	1	0	0	0	emrR²
SRR39134500_filt	emrY	1	0	1	0	0	0	emrY²
SRR39134500_filt	eptA	1	0	1	0	0	0	eptA²
SRR39134500_filt	Escherichia_coli_acrA	1	0	1	0	0	0	Escherichia_coli_acrA²
SRR39134500_filt	Escherichia_coli_mdfA	1	0	1	0	0	0	Escherichia_coli_mdfA²
SRR39134500_filt	evgA	1	0	1	0	0	0	evgA²
SRR39134500_filt	evgS	1	0	1	0	0	0	evgS²
SRR39134500_filt	gadW	1	0	1	0	0	0	gadW²
SRR39134500_filt	gadX	1	0	1	0	0	0	gadX²
SRR39134500_filt	H-NS	1	0	1	0	0	0	H-NS²
SRR39134500_filt	kdpE	1	0	1	0	0	0	kdpE²
SRR39134500_filt	leuO	1	0	1	0	0	0	leuO²
SRR39134500_filt	marA	1	0	1	0	0	0	marA²
SRR39134500_filt	mdtA	1	0	1	0	0	0	mdtA²
SRR39134500_filt	mdtB	1	0	1	0	0	0	mdtB²
SRR39134500_filt	mdtC	1	0	1	0	0	0	mdtC²
SRR39134500_filt	mdtE	1	0	1	0	0	0	mdtE²
SRR39134500_filt	mdtF	1	0	1	0	0	0	mdtF²
SRR39134500_filt	mdtG	1	0	1	0	0	0	mdtG²
SRR39134500_filt	mdtH	1	0	1	0	0	0	mdtH²
SRR39134500_filt	mdtM	2	0	1	0	0	1	mdtM²⁵
SRR39134500_filt	mdtN	1	0	1	0	0	0	mdtN²
SRR39134500_filt	mdtO	1	0	1	0	0	0	mdtO²
SRR39134500_filt	mdtP	1	0	1	0	0	0	mdtP²
SRR39134500_filt	msbA	1	0	1	0	0	0	msbA²
SRR39134500_filt	Penicillin_Binding_Protein_Ecoli	1	0	0	0	1	0	Penicillin_Binding_Protein_Ecoli⁴
SRR39134500_filt	PmrF	1	0	1	0	0	0	PmrF²
SRR39134500_filt	TolC	1	0	1	0	0	0	TolC²
SRR39134500_filt	ugd	1	0	1	0	0	0	ugd²
SRR39134500_filt	YojI	1	0	1	0	0	0	YojI²
SRR39134500_polished	acrB	1	0	1	0	0	0	acrB²
SRR39134500_polished	acrD	1	0	1	0	0	0	acrD²
SRR39134500_polished	AcrE	1	0	1	0	0	0	AcrE²
SRR39134500_polished	acrF	2	0	1	0	0	1	acrF²⁵
SRR39134500_polished	AcrS	1	0	1	0	0	0	AcrS²
SRR39134500_polished	AmpC1_Ecoli	1	0	0	0	1	0	AmpC1_Ecoli⁴
SRR39134500_polished	AmpC2_Ecoli	1	0	0	0	1	0	AmpC2_Ecoli⁴
SRR39134500_polished	ampH_Ecoli	1	0	0	0	1	0	ampH_Ecoli⁴
SRR39134500_polished	bacA	1	0	1	0	0	0	bacA²
SRR39134500_polished	blaEC-15	1	0	0	0	0	1	blaEC-15⁵
SRR39134500_polished	cpxA	1	0	1	0	0	0	cpxA²
SRR39134500_polished	CRP	1	0	1	0	0	0	CRP²
SRR39134500_polished	EC-18	2	1	1	0	0	0	EC-18¹²
SRR39134500_polished	emrA	1	0	1	0	0	0	emrA²
SRR39134500_polished	emrB	1	0	1	0	0	0	emrB²
SRR39134500_polished	emrK	1	0	1	0	0	0	emrK²
SRR39134500_polished	emrR	1	0	1	0	0	0	emrR²
SRR39134500_polished	emrY	1	0	1	0	0	0	emrY²
SRR39134500_polished	eptA	1	0	1	0	0	0	eptA²
SRR39134500_polished	Escherichia_coli_acrA	1	0	1	0	0	0	Escherichia_coli_acrA²
SRR39134500_polished	Escherichia_coli_mdfA	1	0	1	0	0	0	Escherichia_coli_mdfA²
SRR39134500_polished	evgA	1	0	1	0	0	0	evgA²
SRR39134500_polished	evgS	1	0	1	0	0	0	evgS²
SRR39134500_polished	gadW	1	0	1	0	0	0	gadW²
SRR39134500_polished	gadX	1	0	1	0	0	0	gadX²
SRR39134500_polished	H-NS	1	0	1	0	0	0	H-NS²
SRR39134500_polished	kdpE	1	0	1	0	0	0	kdpE²
SRR39134500_polished	leuO	1	0	1	0	0	0	leuO²
SRR39134500_polished	marA	1	0	1	0	0	0	marA²
SRR39134500_polished	mdtA	1	0	1	0	0	0	mdtA²
SRR39134500_polished	mdtB	1	0	1	0	0	0	mdtB²
SRR39134500_polished	mdtC	1	0	1	0	0	0	mdtC²
SRR39134500_polished	mdtE	1	0	1	0	0	0	mdtE²
SRR39134500_polished	mdtF	1	0	1	0	0	0	mdtF²
SRR39134500_polished	mdtG	1	0	1	0	0	0	mdtG²
SRR39134500_polished	mdtH	1	0	1	0	0	0	mdtH²
SRR39134500_polished	mdtM	2	0	1	0	0	1	mdtM²⁵
SRR39134500_polished	mdtN	1	0	1	0	0	0	mdtN²
SRR39134500_polished	mdtO	1	0	1	0	0	0	mdtO²
SRR39134500_polished	mdtP	1	0	1	0	0	0	mdtP²
SRR39134500_polished	msbA	1	0	1	0	0	0	msbA²
SRR39134500_polished	Penicillin_Binding_Protein_Ecoli	1	0	0	0	1	0	Penicillin_Binding_Protein_Ecoli⁴
SRR39134500_polished	PmrF	1	0	1	0	0	0	PmrF²
SRR39134500_polished	TolC	1	0	1	0	0	0	TolC²
SRR39134500_polished	ugd	1	0	1	0	0	0	ugd²
SRR39134500_polished	YojI	1	0	1	0	0	0	YojI²
SRR39135319_filt	acrB	1	0	1	0	0	0	acrB²
SRR39135319_filt	acrD	1	0	1	0	0	0	acrD²
SRR39135319_filt	AcrE	1	0	1	0	0	0	AcrE²
SRR39135319_filt	acrF	2	0	1	0	0	1	acrF²⁵
SRR39135319_filt	AcrS	1	0	1	0	0	0	AcrS²
SRR39135319_filt	AmpC1_Ecoli	1	0	0	0	1	0	AmpC1_Ecoli⁴
SRR39135319_filt	AmpC2_Ecoli	1	0	0	0	1	0	AmpC2_Ecoli⁴
SRR39135319_filt	ampH_Ecoli	1	0	0	0	1	0	ampH_Ecoli⁴
SRR39135319_filt	aph(3'')-Ia	1	0	0	0	1	0	aph(3'')-Ia⁴
SRR39135319_filt	aph(3')-Ia	4	1	1	1	0	1	aph(3')-Ia¹²³⁵
SRR39135319_filt	bacA	1	0	1	0	0	0	bacA²
SRR39135319_filt	blaEC-15	1	0	0	0	0	1	blaEC-15⁵
SRR39135319_filt	cpxA	1	0	1	0	0	0	cpxA²
SRR39135319_filt	CRP	1	0	1	0	0	0	CRP²
SRR39135319_filt	EC-13	2	1	1	0	0	0	EC-13¹²
SRR39135319_filt	emrA	1	0	1	0	0	0	emrA²
SRR39135319_filt	emrB	1	0	1	0	0	0	emrB²
SRR39135319_filt	emrK	1	0	1	0	0	0	emrK²
SRR39135319_filt	emrR	1	0	1	0	0	0	emrR²
SRR39135319_filt	emrY	1	0	1	0	0	0	emrY²
SRR39135319_filt	eptA	1	0	1	0	0	0	eptA²
SRR39135319_filt	Escherichia_coli_acrA	1	0	1	0	0	0	Escherichia_coli_acrA²
SRR39135319_filt	Escherichia_coli_mdfA	1	0	1	0	0	0	Escherichia_coli_mdfA²
SRR39135319_filt	evgA	1	0	1	0	0	0	evgA²
SRR39135319_filt	evgS	1	0	1	0	0	0	evgS²
SRR39135319_filt	gadW	1	0	1	0	0	0	gadW²
SRR39135319_filt	gadX	1	0	1	0	0	0	gadX²
SRR39135319_filt	H-NS	1	0	1	0	0	0	H-NS²
SRR39135319_filt	kdpE	1	0	1	0	0	0	kdpE²
SRR39135319_filt	leuO	1	0	1	0	0	0	leuO²
SRR39135319_filt	marA	1	0	1	0	0	0	marA²
SRR39135319_filt	mdtA	1	0	1	0	0	0	mdtA²
SRR39135319_filt	mdtB	1	0	1	0	0	0	mdtB²
SRR39135319_filt	mdtC	1	0	1	0	0	0	mdtC²
SRR39135319_filt	mdtE	1	0	1	0	0	0	mdtE²
SRR39135319_filt	mdtF	1	0	1	0	0	0	mdtF²
SRR39135319_filt	mdtG	1	0	1	0	0	0	mdtG²
SRR39135319_filt	mdtH	1	0	1	0	0	0	mdtH²
SRR39135319_filt	mdtM	2	0	1	0	0	1	mdtM²⁵
SRR39135319_filt	mdtN	1	0	1	0	0	0	mdtN²
SRR39135319_filt	mdtP	1	0	1	0	0	0	mdtP²
SRR39135319_filt	msbA	1	0	1	0	0	0	msbA²
SRR39135319_filt	Penicillin_Binding_Protein_Ecoli	1	0	0	0	1	0	Penicillin_Binding_Protein_Ecoli⁴
SRR39135319_filt	PmrF	1	0	1	0	0	0	PmrF²
SRR39135319_filt	tet(A)	5	1	1	1	1	1	tet(A)¹²³⁴⁵
SRR39135319_filt	tetR	1	0	0	0	1	0	tetR⁴
SRR39135319_filt	TolC	1	0	1	0	0	0	TolC²
SRR39135319_filt	ugd	1	0	1	0	0	0	ugd²
SRR39135319_filt	YojI	1	0	1	0	0	0	YojI²
SRR39135319_polished	acrB	1	0	1	0	0	0	acrB²
SRR39135319_polished	acrD	1	0	1	0	0	0	acrD²
SRR39135319_polished	AcrE	1	0	1	0	0	0	AcrE²
SRR39135319_polished	acrF	2	0	1	0	0	1	acrF²⁵
SRR39135319_polished	AcrS	1	0	1	0	0	0	AcrS²
SRR39135319_polished	AmpC1_Ecoli	1	0	0	0	1	0	AmpC1_Ecoli⁴
SRR39135319_polished	AmpC2_Ecoli	1	0	0	0	1	0	AmpC2_Ecoli⁴
SRR39135319_polished	ampH_Ecoli	1	0	0	0	1	0	ampH_Ecoli⁴
SRR39135319_polished	aph(3'')-Ia	1	0	0	0	1	0	aph(3'')-Ia⁴
SRR39135319_polished	aph(3')-Ia	4	1	1	1	0	1	aph(3')-Ia¹²³⁵
SRR39135319_polished	bacA	1	0	1	0	0	0	bacA²
SRR39135319_polished	blaEC-15	1	0	0	0	0	1	blaEC-15⁵
SRR39135319_polished	cpxA	1	0	1	0	0	0	cpxA²
SRR39135319_polished	CRP	1	0	1	0	0	0	CRP²
SRR39135319_polished	EC-13	2	1	1	0	0	0	EC-13¹²
SRR39135319_polished	emrA	1	0	1	0	0	0	emrA²
SRR39135319_polished	emrB	1	0	1	0	0	0	emrB²
SRR39135319_polished	emrK	1	0	1	0	0	0	emrK²
SRR39135319_polished	emrR	1	0	1	0	0	0	emrR²
SRR39135319_polished	emrY	1	0	1	0	0	0	emrY²
SRR39135319_polished	eptA	1	0	1	0	0	0	eptA²
SRR39135319_polished	Escherichia_coli_acrA	1	0	1	0	0	0	Escherichia_coli_acrA²
SRR39135319_polished	Escherichia_coli_mdfA	1	0	1	0	0	0	Escherichia_coli_mdfA²
SRR39135319_polished	evgA	1	0	1	0	0	0	evgA²
SRR39135319_polished	evgS	1	0	1	0	0	0	evgS²
SRR39135319_polished	gadW	1	0	1	0	0	0	gadW²
SRR39135319_polished	gadX	1	0	1	0	0	0	gadX²
SRR39135319_polished	H-NS	1	0	1	0	0	0	H-NS²
SRR39135319_polished	kdpE	1	0	1	0	0	0	kdpE²
SRR39135319_polished	leuO	1	0	1	0	0	0	leuO²
SRR39135319_polished	marA	1	0	1	0	0	0	marA²
SRR39135319_polished	mdtA	1	0	1	0	0	0	mdtA²
SRR39135319_polished	mdtB	1	0	1	0	0	0	mdtB²
SRR39135319_polished	mdtC	1	0	1	0	0	0	mdtC²
SRR39135319_polished	mdtE	1	0	1	0	0	0	mdtE²
SRR39135319_polished	mdtF	1	0	1	0	0	0	mdtF²
SRR39135319_polished	mdtG	1	0	1	0	0	0	mdtG²
SRR39135319_polished	mdtH	1	0	1	0	0	0	mdtH²
SRR39135319_polished	mdtM	2	0	1	0	0	1	mdtM²⁵
SRR39135319_polished	mdtN	1	0	1	0	0	0	mdtN²
SRR39135319_polished	mdtP	1	0	1	0	0	0	mdtP²
SRR39135319_polished	msbA	1	0	1	0	0	0	msbA²
SRR39135319_polished	Penicillin_Binding_Protein_Ecoli	1	0	0	0	1	0	Penicillin_Binding_Protein_Ecoli⁴
SRR39135319_polished	PmrF	1	0	1	0	0	0	PmrF²
SRR39135319_polished	tet(A)	5	1	1	1	1	1	tet(A)¹²³⁴⁵
SRR39135319_polished	tetR	1	0	0	0	1	0	tetR⁴
SRR39135319_polished	TolC	1	0	1	0	0	0	TolC²
SRR39135319_polished	ugd	1	0	1	0	0	0	ugd²
SRR39135319_polished	YojI	1	0	1	0	0	0	YojI²
SRR39135320_filt	acrB	1	0	1	0	0	0	acrB²
SRR39135320_filt	acrD	1	0	1	0	0	0	acrD²
SRR39135320_filt	AcrE	1	0	1	0	0	0	AcrE²
SRR39135320_filt	acrF	2	0	1	0	0	1	acrF²⁵
SRR39135320_filt	AcrS	1	0	1	0	0	0	AcrS²
SRR39135320_filt	AmpC1_Ecoli	1	0	0	0	1	0	AmpC1_Ecoli⁴
SRR39135320_filt	AmpC2_Ecoli	1	0	0	0	1	0	AmpC2_Ecoli⁴
SRR39135320_filt	ampH_Ecoli	1	0	0	0	1	0	ampH_Ecoli⁴
SRR39135320_filt	aph(3'')-Ia	1	0	0	0	1	0	aph(3'')-Ia⁴
SRR39135320_filt	aph(3')-Ia	4	1	1	1	0	1	aph(3')-Ia¹²³⁵
SRR39135320_filt	bacA	1	0	1	0	0	0	bacA²
SRR39135320_filt	blaEC-15	1	0	0	0	0	1	blaEC-15⁵
SRR39135320_filt	cpxA	1	0	1	0	0	0	cpxA²
SRR39135320_filt	CRP	1	0	1	0	0	0	CRP²
SRR39135320_filt	EC-13	2	1	1	0	0	0	EC-13¹²
SRR39135320_filt	emrA	1	0	1	0	0	0	emrA²
SRR39135320_filt	emrB	1	0	1	0	0	0	emrB²
SRR39135320_filt	emrK	1	0	1	0	0	0	emrK²
SRR39135320_filt	emrR	1	0	1	0	0	0	emrR²
SRR39135320_filt	emrY	1	0	1	0	0	0	emrY²
SRR39135320_filt	eptA	1	0	1	0	0	0	eptA²
SRR39135320_filt	Escherichia_coli_acrA	1	0	1	0	0	0	Escherichia_coli_acrA²
SRR39135320_filt	Escherichia_coli_mdfA	1	0	1	0	0	0	Escherichia_coli_mdfA²
SRR39135320_filt	evgA	1	0	1	0	0	0	evgA²
SRR39135320_filt	evgS	1	0	1	0	0	0	evgS²
SRR39135320_filt	gadW	1	0	1	0	0	0	gadW²
SRR39135320_filt	gadX	1	0	1	0	0	0	gadX²
SRR39135320_filt	H-NS	1	0	1	0	0	0	H-NS²
SRR39135320_filt	kdpE	1	0	1	0	0	0	kdpE²
SRR39135320_filt	leuO	1	0	1	0	0	0	leuO²
SRR39135320_filt	marA	1	0	1	0	0	0	marA²
SRR39135320_filt	mdtA	1	0	1	0	0	0	mdtA²
SRR39135320_filt	mdtB	1	0	1	0	0	0	mdtB²
SRR39135320_filt	mdtC	1	0	1	0	0	0	mdtC²
SRR39135320_filt	mdtE	1	0	1	0	0	0	mdtE²
SRR39135320_filt	mdtF	1	0	1	0	0	0	mdtF²
SRR39135320_filt	mdtG	1	0	1	0	0	0	mdtG²
SRR39135320_filt	mdtH	1	0	1	0	0	0	mdtH²
SRR39135320_filt	mdtM	2	0	1	0	0	1	mdtM²⁵
SRR39135320_filt	mdtN	1	0	1	0	0	0	mdtN²
SRR39135320_filt	mdtP	1	0	1	0	0	0	mdtP²
SRR39135320_filt	msbA	1	0	1	0	0	0	msbA²
SRR39135320_filt	Penicillin_Binding_Protein_Ecoli	1	0	0	0	1	0	Penicillin_Binding_Protein_Ecoli⁴
SRR39135320_filt	PmrF	1	0	1	0	0	0	PmrF²
SRR39135320_filt	tet(A)	5	1	1	1	1	1	tet(A)¹²³⁴⁵
SRR39135320_filt	tetR	1	0	0	0	1	0	tetR⁴
SRR39135320_filt	TolC	1	0	1	0	0	0	TolC²
SRR39135320_filt	ugd	1	0	1	0	0	0	ugd²
SRR39135320_filt	YojI	1	0	1	0	0	0	YojI²
SRR39135320_polished	acrB	1	0	1	0	0	0	acrB²
SRR39135320_polished	acrD	1	0	1	0	0	0	acrD²
SRR39135320_polished	AcrE	1	0	1	0	0	0	AcrE²
SRR39135320_polished	acrF	2	0	1	0	0	1	acrF²⁵
SRR39135320_polished	AcrS	1	0	1	0	0	0	AcrS²
SRR39135320_polished	AmpC1_Ecoli	1	0	0	0	1	0	AmpC1_Ecoli⁴
SRR39135320_polished	AmpC2_Ecoli	1	0	0	0	1	0	AmpC2_Ecoli⁴
SRR39135320_polished	ampH_Ecoli	1	0	0	0	1	0	ampH_Ecoli⁴
SRR39135320_polished	aph(3'')-Ia	1	0	0	0	1	0	aph(3'')-Ia⁴
SRR39135320_polished	aph(3')-Ia	4	1	1	1	0	1	aph(3')-Ia¹²³⁵
SRR39135320_polished	bacA	1	0	1	0	0	0	bacA²
SRR39135320_polished	blaEC-15	1	0	0	0	0	1	blaEC-15⁵
SRR39135320_polished	cpxA	1	0	1	0	0	0	cpxA²
SRR39135320_polished	CRP	1	0	1	0	0	0	CRP²
SRR39135320_polished	EC-13	2	1	1	0	0	0	EC-13¹²
SRR39135320_polished	emrA	1	0	1	0	0	0	emrA²
SRR39135320_polished	emrB	1	0	1	0	0	0	emrB²
SRR39135320_polished	emrK	1	0	1	0	0	0	emrK²
SRR39135320_polished	emrR	1	0	1	0	0	0	emrR²
SRR39135320_polished	emrY	1	0	1	0	0	0	emrY²
SRR39135320_polished	eptA	1	0	1	0	0	0	eptA²
SRR39135320_polished	Escherichia_coli_acrA	1	0	1	0	0	0	Escherichia_coli_acrA²
SRR39135320_polished	Escherichia_coli_mdfA	1	0	1	0	0	0	Escherichia_coli_mdfA²
SRR39135320_polished	evgA	1	0	1	0	0	0	evgA²
SRR39135320_polished	evgS	1	0	1	0	0	0	evgS²
SRR39135320_polished	gadW	1	0	1	0	0	0	gadW²
SRR39135320_polished	gadX	1	0	1	0	0	0	gadX²
SRR39135320_polished	H-NS	1	0	1	0	0	0	H-NS²
SRR39135320_polished	kdpE	1	0	1	0	0	0	kdpE²
SRR39135320_polished	leuO	1	0	1	0	0	0	leuO²
SRR39135320_polished	marA	1	0	1	0	0	0	marA²
SRR39135320_polished	mdtA	1	0	1	0	0	0	mdtA²
SRR39135320_polished	mdtB	1	0	1	0	0	0	mdtB²
SRR39135320_polished	mdtC	1	0	1	0	0	0	mdtC²
SRR39135320_polished	mdtE	1	0	1	0	0	0	mdtE²
SRR39135320_polished	mdtF	1	0	1	0	0	0	mdtF²
SRR39135320_polished	mdtG	1	0	1	0	0	0	mdtG²
SRR39135320_polished	mdtH	1	0	1	0	0	0	mdtH²
SRR39135320_polished	mdtM	2	0	1	0	0	1	mdtM²⁵
SRR39135320_polished	mdtN	1	0	1	0	0	0	mdtN²
SRR39135320_polished	mdtP	1	0	1	0	0	0	mdtP²
SRR39135320_polished	msbA	1	0	1	0	0	0	msbA²
SRR39135320_polished	Penicillin_Binding_Protein_Ecoli	1	0	0	0	1	0	Penicillin_Binding_Protein_Ecoli⁴
SRR39135320_polished	PmrF	1	0	1	0	0	0	PmrF²
SRR39135320_polished	tet(A)	5	1	1	1	1	1	tet(A)¹²³⁴⁵
SRR39135320_polished	tetR	1	0	0	0	1	0	tetR⁴
SRR39135320_polished	TolC	1	0	1	0	0	0	TolC²
SRR39135320_polished	ugd	1	0	1	0	0	0	ugd²
SRR39135320_polished	YojI	1	0	1	0	0	0	YojI²
SRR39135321_filt	acrB	1	0	1	0	0	0	acrB²
SRR39135321_filt	acrD	1	0	1	0	0	0	acrD²
SRR39135321_filt	AcrE	1	0	1	0	0	0	AcrE²
SRR39135321_filt	acrF	2	0	1	0	0	1	acrF²⁵
SRR39135321_filt	AcrS	1	0	1	0	0	0	AcrS²
SRR39135321_filt	AmpC1_Ecoli	1	0	0	0	1	0	AmpC1_Ecoli⁴
SRR39135321_filt	AmpC2_Ecoli	1	0	0	0	1	0	AmpC2_Ecoli⁴
SRR39135321_filt	ampH_Ecoli	1	0	0	0	1	0	ampH_Ecoli⁴
SRR39135321_filt	aph(3'')-Ib	4	1	1	1	0	1	aph(3'')-Ib¹²³⁵
SRR39135321_filt	aph(6)-Id	4	1	1	1	0	1	aph(6)-Id¹²³⁵
SRR39135321_filt	bacA	1	0	1	0	0	0	bacA²
SRR39135321_filt	blaEC-15	1	0	0	0	0	1	blaEC-15⁵
SRR39135321_filt	cpxA	1	0	1	0	0	0	cpxA²
SRR39135321_filt	CRP	1	0	1	0	0	0	CRP²
SRR39135321_filt	EC-18	2	1	1	0	0	0	EC-18¹²
SRR39135321_filt	emrA	1	0	1	0	0	0	emrA²
SRR39135321_filt	emrB	1	0	1	0	0	0	emrB²
SRR39135321_filt	emrK	1	0	1	0	0	0	emrK²
SRR39135321_filt	emrR	1	0	1	0	0	0	emrR²
SRR39135321_filt	emrY	1	0	1	0	0	0	emrY²
SRR39135321_filt	eptA	1	0	1	0	0	0	eptA²
SRR39135321_filt	Escherichia_coli_acrA	1	0	1	0	0	0	Escherichia_coli_acrA²
SRR39135321_filt	Escherichia_coli_mdfA	1	0	1	0	0	0	Escherichia_coli_mdfA²
SRR39135321_filt	evgA	1	0	1	0	0	0	evgA²
SRR39135321_filt	evgS	1	0	1	0	0	0	evgS²
SRR39135321_filt	gadW	1	0	1	0	0	0	gadW²
SRR39135321_filt	gadX	1	0	1	0	0	0	gadX²
SRR39135321_filt	H-NS	1	0	1	0	0	0	H-NS²
SRR39135321_filt	kdpE	1	0	1	0	0	0	kdpE²
SRR39135321_filt	leuO	1	0	1	0	0	0	leuO²
SRR39135321_filt	marA	1	0	1	0	0	0	marA²
SRR39135321_filt	mdtA	1	0	1	0	0	0	mdtA²
SRR39135321_filt	mdtB	1	0	1	0	0	0	mdtB²
SRR39135321_filt	mdtC	1	0	1	0	0	0	mdtC²
SRR39135321_filt	mdtE	1	0	1	0	0	0	mdtE²
SRR39135321_filt	mdtF	1	0	1	0	0	0	mdtF²
SRR39135321_filt	mdtG	1	0	1	0	0	0	mdtG²
SRR39135321_filt	mdtH	1	0	1	0	0	0	mdtH²
SRR39135321_filt	mdtM	2	0	1	0	0	1	mdtM²⁵
SRR39135321_filt	mdtN	1	0	1	0	0	0	mdtN²
SRR39135321_filt	mdtO	1	0	1	0	0	0	mdtO²
SRR39135321_filt	mdtP	1	0	1	0	0	0	mdtP²
SRR39135321_filt	msbA	1	0	1	0	0	0	msbA²
SRR39135321_filt	Penicillin_Binding_Protein_Ecoli	1	0	0	0	1	0	Penicillin_Binding_Protein_Ecoli⁴
SRR39135321_filt	PmrF	1	0	1	0	0	0	PmrF²
SRR39135321_filt	strA	1	0	0	0	1	0	strA⁴
SRR39135321_filt	strB	1	0	0	0	1	0	strB⁴
SRR39135321_filt	tet(B)	5	1	1	1	1	1	tet(B)¹²³⁴⁵
SRR39135321_filt	TolC	1	0	1	0	0	0	TolC²
SRR39135321_filt	ugd	1	0	1	0	0	0	ugd²
SRR39135321_filt	YojI	1	0	1	0	0	0	YojI²
SRR39135321_polished	acrB	1	0	1	0	0	0	acrB²
SRR39135321_polished	acrD	1	0	1	0	0	0	acrD²
SRR39135321_polished	AcrE	1	0	1	0	0	0	AcrE²
SRR39135321_polished	acrF	2	0	1	0	0	1	acrF²⁵
SRR39135321_polished	AcrS	1	0	1	0	0	0	AcrS²
SRR39135321_polished	AmpC1_Ecoli	1	0	0	0	1	0	AmpC1_Ecoli⁴
SRR39135321_polished	AmpC2_Ecoli	1	0	0	0	1	0	AmpC2_Ecoli⁴
SRR39135321_polished	ampH_Ecoli	1	0	0	0	1	0	ampH_Ecoli⁴
SRR39135321_polished	aph(3'')-Ib	4	1	1	1	0	1	aph(3'')-Ib¹²³⁵
SRR39135321_polished	aph(6)-Id	4	1	1	1	0	1	aph(6)-Id¹²³⁵
SRR39135321_polished	bacA	1	0	1	0	0	0	bacA²
SRR39135321_polished	blaEC-15	1	0	0	0	0	1	blaEC-15⁵
SRR39135321_polished	cpxA	1	0	1	0	0	0	cpxA²
SRR39135321_polished	CRP	1	0	1	0	0	0	CRP²
SRR39135321_polished	EC-18	2	1	1	0	0	0	EC-18¹²
SRR39135321_polished	emrA	1	0	1	0	0	0	emrA²
SRR39135321_polished	emrB	1	0	1	0	0	0	emrB²
SRR39135321_polished	emrK	1	0	1	0	0	0	emrK²
SRR39135321_polished	emrR	1	0	1	0	0	0	emrR²
SRR39135321_polished	emrY	1	0	1	0	0	0	emrY²
SRR39135321_polished	eptA	1	0	1	0	0	0	eptA²
SRR39135321_polished	Escherichia_coli_acrA	1	0	1	0	0	0	Escherichia_coli_acrA²
SRR39135321_polished	Escherichia_coli_mdfA	1	0	1	0	0	0	Escherichia_coli_mdfA²
SRR39135321_polished	evgA	1	0	1	0	0	0	evgA²
SRR39135321_polished	evgS	1	0	1	0	0	0	evgS²
SRR39135321_polished	gadW	1	0	1	0	0	0	gadW²
SRR39135321_polished	gadX	1	0	1	0	0	0	gadX²
SRR39135321_polished	H-NS	1	0	1	0	0	0	H-NS²
SRR39135321_polished	kdpE	1	0	1	0	0	0	kdpE²
SRR39135321_polished	leuO	1	0	1	0	0	0	leuO²
SRR39135321_polished	marA	1	0	1	0	0	0	marA²
SRR39135321_polished	mdtA	1	0	1	0	0	0	mdtA²
SRR39135321_polished	mdtB	1	0	1	0	0	0	mdtB²
SRR39135321_polished	mdtC	1	0	1	0	0	0	mdtC²
SRR39135321_polished	mdtE	1	0	1	0	0	0	mdtE²
SRR39135321_polished	mdtF	1	0	1	0	0	0	mdtF²
SRR39135321_polished	mdtG	1	0	1	0	0	0	mdtG²
SRR39135321_polished	mdtH	1	0	1	0	0	0	mdtH²
SRR39135321_polished	mdtM	2	0	1	0	0	1	mdtM²⁵
SRR39135321_polished	mdtN	1	0	1	0	0	0	mdtN²
SRR39135321_polished	mdtO	1	0	1	0	0	0	mdtO²
SRR39135321_polished	mdtP	1	0	1	0	0	0	mdtP²
SRR39135321_polished	msbA	1	0	1	0	0	0	msbA²
SRR39135321_polished	Penicillin_Binding_Protein_Ecoli	1	0	0	0	1	0	Penicillin_Binding_Protein_Ecoli⁴
SRR39135321_polished	PmrF	1	0	1	0	0	0	PmrF²
SRR39135321_polished	strA	1	0	0	0	1	0	strA⁴
SRR39135321_polished	strB	1	0	0	0	1	0	strB⁴
SRR39135321_polished	tet(B)	5	1	1	1	1	1	tet(B)¹²³⁴⁵
SRR39135321_polished	TolC	1	0	1	0	0	0	TolC²
SRR39135321_polished	ugd	1	0	1	0	0	0	ugd²
SRR39135321_polished	YojI	1	0	1	0	0	0	YojI²
SRR39135346_filt	aac(6')-Ib-cr	1	0	0	1	0	0	aac(6')-Ib-cr³
SRR39135346_filt	aac(6')-Ib-cr5	1	0	0	0	0	1	aac(6')-Ib-cr5⁵
SRR39135346_filt	aac(6')-Ib-D181Y	1	1	0	0	0	0	aac(6')-Ib-D181Y¹
SRR39135346_filt	AAC(6')-Ib10	1	0	1	0	0	0	AAC(6')-Ib10²
SRR39135346_filt	aadA2	5	1	1	1	1	1	aadA2¹²³⁴⁵
SRR39135346_filt	aadA5	5	1	1	1	1	1	aadA5¹²³⁴⁵
SRR39135346_filt	acrB	1	0	1	0	0	0	acrB²
SRR39135346_filt	acrD	1	0	1	0	0	0	acrD²
SRR39135346_filt	acrF	2	0	1	0	0	1	acrF²⁵
SRR39135346_filt	AcrS	1	0	1	0	0	0	AcrS²
SRR39135346_filt	AmpC1_Ecoli	1	0	0	0	1	0	AmpC1_Ecoli⁴
SRR39135346_filt	AmpC2_Ecoli	1	0	0	0	1	0	AmpC2_Ecoli⁴
SRR39135346_filt	ampH_Ecoli	1	0	0	0	1	0	ampH_Ecoli⁴
SRR39135346_filt	bacA	1	0	1	0	0	0	bacA²
SRR39135346_filt	ble	1	0	0	0	0	1	ble⁵
SRR39135346_filt	ble-MBL	1	1	0	0	0	0	ble-MBL¹
SRR39135346_filt	BRP(MBL)	1	0	1	0	0	0	BRP(MBL)²
SRR39135346_filt	catB4	1	0	0	0	1	0	catB4⁴
SRR39135346_filt	cpxA	1	0	1	0	0	0	cpxA²
SRR39135346_filt	CRP	1	0	1	0	0	0	CRP²
SRR39135346_filt	CTX-M-15	5	1	1	1	1	1	CTX-M-15¹²³⁴⁵
SRR39135346_filt	dfrA12	5	1	1	1	1	1	dfrA12¹²³⁴⁵
SRR39135346_filt	EC-15	3	1	1	0	0	1	EC-15¹²⁵
SRR39135346_filt	emrA	1	0	1	0	0	0	emrA²
SRR39135346_filt	emrB	1	0	1	0	0	0	emrB²
SRR39135346_filt	emrK	1	0	1	0	0	0	emrK²
SRR39135346_filt	emrR	1	0	1	0	0	0	emrR²
SRR39135346_filt	emrY	1	0	1	0	0	0	emrY²
SRR39135346_filt	eptA	1	0	1	0	0	0	eptA²
SRR39135346_filt	Escherichia_coli_acrA	1	0	1	0	0	0	Escherichia_coli_acrA²
SRR39135346_filt	Escherichia_coli_mdfA	1	0	1	0	0	0	Escherichia_coli_mdfA²
SRR39135346_filt	evgA	1	0	1	0	0	0	evgA²
SRR39135346_filt	evgS	1	0	1	0	0	0	evgS²
SRR39135346_filt	ftsI_I336IKYRI	1	0	0	0	0	1	ftsI_I336IKYRI⁵
SRR39135346_filt	gadW	1	0	1	0	0	0	gadW²
SRR39135346_filt	gadX	1	0	1	0	0	0	gadX²
SRR39135346_filt	gyrA_D87N	1	0	0	0	0	1	gyrA_D87N⁵
SRR39135346_filt	gyrA_S83L	1	0	0	0	0	1	gyrA_S83L⁵
SRR39135346_filt	H-NS	1	0	1	0	0	0	H-NS²
SRR39135346_filt	kdpE	1	0	1	0	0	0	kdpE²
SRR39135346_filt	leuO	1	0	1	0	0	0	leuO²
SRR39135346_filt	marA	1	0	1	0	0	0	marA²
SRR39135346_filt	mdtA	1	0	1	0	0	0	mdtA²
SRR39135346_filt	mdtB	1	0	1	0	0	0	mdtB²
SRR39135346_filt	mdtC	1	0	1	0	0	0	mdtC²
SRR39135346_filt	mdtE	1	0	1	0	0	0	mdtE²
SRR39135346_filt	mdtF	1	0	1	0	0	0	mdtF²
SRR39135346_filt	mdtG	1	0	1	0	0	0	mdtG²
SRR39135346_filt	mdtH	1	0	1	0	0	0	mdtH²
SRR39135346_filt	mdtM	2	0	1	0	0	1	mdtM²⁵
SRR39135346_filt	mdtN	1	0	1	0	0	0	mdtN²
SRR39135346_filt	mdtO	1	0	1	0	0	0	mdtO²
SRR39135346_filt	mdtP	1	0	1	0	0	0	mdtP²
SRR39135346_filt	mph(A)	5	1	1	1	1	1	mph(A)¹²³⁴⁵
SRR39135346_filt	Mrx	1	0	1	0	0	0	Mrx²
SRR39135346_filt	mrx(A)	2	1	0	0	0	1	mrx(A)¹⁵
SRR39135346_filt	msbA	1	0	1	0	0	0	msbA²
SRR39135346_filt	NDM-5	5	1	1	1	1	1	NDM-5¹²³⁴⁵
SRR39135346_filt	nfsA_G126R	1	0	0	0	0	1	nfsA_G126R⁵
SRR39135346_filt	OXA-1	5	1	1	1	1	1	OXA-1¹²³⁴⁵
SRR39135346_filt	parC_S80I	1	0	0	0	0	1	parC_S80I⁵
SRR39135346_filt	parE_S458A	1	0	0	0	0	1	parE_S458A⁵
SRR39135346_filt	Penicillin_Binding_Protein_Ecoli	1	0	0	0	1	0	Penicillin_Binding_Protein_Ecoli⁴
SRR39135346_filt	PmrF	1	0	1	0	0	0	PmrF²
SRR39135346_filt	qacEdelta1	1	0	1	0	0	0	qacEdelta1²
SRR39135346_filt	sul1	5	1	1	1	1	1	sul1¹²³⁴⁵
SRR39135346_filt	TolC	1	0	1	0	0	0	TolC²
SRR39135346_filt	YojI	1	0	1	0	0	0	YojI²
SRR39135346_polished	aac(6')-Ib-cr	1	0	0	1	0	0	aac(6')-Ib-cr³
SRR39135346_polished	aac(6')-Ib-cr5	1	0	0	0	0	1	aac(6')-Ib-cr5⁵
SRR39135346_polished	aac(6')-Ib-D181Y	1	1	0	0	0	0	aac(6')-Ib-D181Y¹
SRR39135346_polished	AAC(6')-Ib10	1	0	1	0	0	0	AAC(6')-Ib10²
SRR39135346_polished	aadA2	5	1	1	1	1	1	aadA2¹²³⁴⁵
SRR39135346_polished	aadA5	5	1	1	1	1	1	aadA5¹²³⁴⁵
SRR39135346_polished	acrB	1	0	1	0	0	0	acrB²
SRR39135346_polished	acrD	1	0	1	0	0	0	acrD²
SRR39135346_polished	acrF	2	0	1	0	0	1	acrF²⁵
SRR39135346_polished	AcrS	1	0	1	0	0	0	AcrS²
SRR39135346_polished	AmpC1_Ecoli	1	0	0	0	1	0	AmpC1_Ecoli⁴
SRR39135346_polished	AmpC2_Ecoli	1	0	0	0	1	0	AmpC2_Ecoli⁴
SRR39135346_polished	ampH_Ecoli	1	0	0	0	1	0	ampH_Ecoli⁴
SRR39135346_polished	bacA	1	0	1	0	0	0	bacA²
SRR39135346_polished	ble	1	0	0	0	0	1	ble⁵
SRR39135346_polished	ble-MBL	1	1	0	0	0	0	ble-MBL¹
SRR39135346_polished	BRP(MBL)	1	0	1	0	0	0	BRP(MBL)²
SRR39135346_polished	catB4	1	0	0	0	1	0	catB4⁴
SRR39135346_polished	cpxA	1	0	1	0	0	0	cpxA²
SRR39135346_polished	CRP	1	0	1	0	0	0	CRP²
SRR39135346_polished	CTX-M-15	5	1	1	1	1	1	CTX-M-15¹²³⁴⁵
SRR39135346_polished	dfrA12	5	1	1	1	1	1	dfrA12¹²³⁴⁵
SRR39135346_polished	EC-15	3	1	1	0	0	1	EC-15¹²⁵
SRR39135346_polished	emrA	1	0	1	0	0	0	emrA²
SRR39135346_polished	emrB	1	0	1	0	0	0	emrB²
SRR39135346_polished	emrK	1	0	1	0	0	0	emrK²
SRR39135346_polished	emrR	1	0	1	0	0	0	emrR²
SRR39135346_polished	emrY	1	0	1	0	0	0	emrY²
SRR39135346_polished	eptA	1	0	1	0	0	0	eptA²
SRR39135346_polished	Escherichia_coli_acrA	1	0	1	0	0	0	Escherichia_coli_acrA²
SRR39135346_polished	Escherichia_coli_mdfA	1	0	1	0	0	0	Escherichia_coli_mdfA²
SRR39135346_polished	evgA	1	0	1	0	0	0	evgA²
SRR39135346_polished	evgS	1	0	1	0	0	0	evgS²
SRR39135346_polished	ftsI_I336IKYRI	1	0	0	0	0	1	ftsI_I336IKYRI⁵
SRR39135346_polished	gadW	1	0	1	0	0	0	gadW²
SRR39135346_polished	gadX	1	0	1	0	0	0	gadX²
SRR39135346_polished	gyrA_D87N	1	0	0	0	0	1	gyrA_D87N⁵
SRR39135346_polished	gyrA_S83L	1	0	0	0	0	1	gyrA_S83L⁵
SRR39135346_polished	H-NS	1	0	1	0	0	0	H-NS²
SRR39135346_polished	kdpE	1	0	1	0	0	0	kdpE²
SRR39135346_polished	leuO	1	0	1	0	0	0	leuO²
SRR39135346_polished	marA	1	0	1	0	0	0	marA²
SRR39135346_polished	mdtA	1	0	1	0	0	0	mdtA²
SRR39135346_polished	mdtB	1	0	1	0	0	0	mdtB²
SRR39135346_polished	mdtC	1	0	1	0	0	0	mdtC²
SRR39135346_polished	mdtE	1	0	1	0	0	0	mdtE²
SRR39135346_polished	mdtF	1	0	1	0	0	0	mdtF²
SRR39135346_polished	mdtG	1	0	1	0	0	0	mdtG²
SRR39135346_polished	mdtH	1	0	1	0	0	0	mdtH²
SRR39135346_polished	mdtM	2	0	1	0	0	1	mdtM²⁵
SRR39135346_polished	mdtN	1	0	1	0	0	0	mdtN²
SRR39135346_polished	mdtO	1	0	1	0	0	0	mdtO²
SRR39135346_polished	mdtP	1	0	1	0	0	0	mdtP²
SRR39135346_polished	mph(A)	5	1	1	1	1	1	mph(A)¹²³⁴⁵
SRR39135346_polished	Mrx	1	0	1	0	0	0	Mrx²
SRR39135346_polished	mrx(A)	2	1	0	0	0	1	mrx(A)¹⁵
SRR39135346_polished	msbA	1	0	1	0	0	0	msbA²
SRR39135346_polished	NDM-5	5	1	1	1	1	1	NDM-5¹²³⁴⁵
SRR39135346_polished	nfsA_G126R	1	0	0	0	0	1	nfsA_G126R⁵
SRR39135346_polished	OXA-1	5	1	1	1	1	1	OXA-1¹²³⁴⁵
SRR39135346_polished	parC_S80I	1	0	0	0	0	1	parC_S80I⁵
SRR39135346_polished	parE_S458A	1	0	0	0	0	1	parE_S458A⁵
SRR39135346_polished	Penicillin_Binding_Protein_Ecoli	1	0	0	0	1	0	Penicillin_Binding_Protein_Ecoli⁴
SRR39135346_polished	PmrF	1	0	1	0	0	0	PmrF²
SRR39135346_polished	qacEdelta1	1	0	1	0	0	0	qacEdelta1²
SRR39135346_polished	sul1	5	1	1	1	1	1	sul1¹²³⁴⁵
SRR39135346_polished	TolC	1	0	1	0	0	0	TolC²
SRR39135346_polished	YojI	1	0	1	0	0	0	YojI²
SRR39135348_filt	aadA2	5	1	1	1	1	1	aadA2¹²³⁴⁵
SRR39135348_filt	acrB	1	0	1	0	0	0	acrB²
SRR39135348_filt	acrD	1	0	1	0	0	0	acrD²
SRR39135348_filt	AcrE	1	0	1	0	0	0	AcrE²
SRR39135348_filt	acrF	2	0	1	0	0	1	acrF²⁵
SRR39135348_filt	AcrS	1	0	1	0	0	0	AcrS²
SRR39135348_filt	AmpC1_Ecoli	1	0	0	0	1	0	AmpC1_Ecoli⁴
SRR39135348_filt	AmpC2_Ecoli	1	0	0	0	1	0	AmpC2_Ecoli⁴
SRR39135348_filt	ampH_Ecoli	1	0	0	0	1	0	ampH_Ecoli⁴
SRR39135348_filt	bacA	1	0	1	0	0	0	bacA²
SRR39135348_filt	blaEC	1	0	0	0	0	1	blaEC⁵
SRR39135348_filt	blaEC-19	1	1	0	0	0	0	blaEC-19¹
SRR39135348_filt	ble	1	0	0	0	0	1	ble⁵
SRR39135348_filt	ble-MBL	1	1	0	0	0	0	ble-MBL¹
SRR39135348_filt	BRP(MBL)	1	0	1	0	0	0	BRP(MBL)²
SRR39135348_filt	cpxA	1	0	1	0	0	0	cpxA²
SRR39135348_filt	CRP	1	0	1	0	0	0	CRP²
SRR39135348_filt	CTX-M-15	5	1	1	1	1	1	CTX-M-15¹²³⁴⁵
SRR39135348_filt	dfrA12	5	1	1	1	1	1	dfrA12¹²³⁴⁵
SRR39135348_filt	emrA	1	0	1	0	0	0	emrA²
SRR39135348_filt	emrB	1	0	1	0	0	0	emrB²
SRR39135348_filt	emrK	1	0	1	0	0	0	emrK²
SRR39135348_filt	emrR	1	0	1	0	0	0	emrR²
SRR39135348_filt	emrY	1	0	1	0	0	0	emrY²
SRR39135348_filt	eptA	1	0	1	0	0	0	eptA²
SRR39135348_filt	Escherichia_coli_acrA	1	0	1	0	0	0	Escherichia_coli_acrA²
SRR39135348_filt	Escherichia_coli_ampC_beta-lactamase	1	0	1	0	0	0	Escherichia_coli_ampC_beta-lactamase²
SRR39135348_filt	Escherichia_coli_emrE	1	0	1	0	0	0	Escherichia_coli_emrE²
SRR39135348_filt	Escherichia_coli_mdfA	1	0	1	0	0	0	Escherichia_coli_mdfA²
SRR39135348_filt	evgA	1	0	1	0	0	0	evgA²
SRR39135348_filt	evgS	1	0	1	0	0	0	evgS²
SRR39135348_filt	ftsI_N337NYRIN	1	0	0	0	0	1	ftsI_N337NYRIN⁵
SRR39135348_filt	gadW	1	0	1	0	0	0	gadW²
SRR39135348_filt	gadX	1	0	1	0	0	0	gadX²
SRR39135348_filt	gyrA_D87N	1	0	0	0	0	1	gyrA_D87N⁵
SRR39135348_filt	gyrA_S83L	1	0	0	0	0	1	gyrA_S83L⁵
SRR39135348_filt	H-NS	1	0	1	0	0	0	H-NS²
SRR39135348_filt	kdpE	1	0	1	0	0	0	kdpE²
SRR39135348_filt	leuO	1	0	1	0	0	0	leuO²
SRR39135348_filt	marA	1	0	1	0	0	0	marA²
SRR39135348_filt	mdtA	1	0	1	0	0	0	mdtA²
SRR39135348_filt	mdtB	1	0	1	0	0	0	mdtB²
SRR39135348_filt	mdtC	1	0	1	0	0	0	mdtC²
SRR39135348_filt	mdtE	1	0	1	0	0	0	mdtE²
SRR39135348_filt	mdtF	1	0	1	0	0	0	mdtF²
SRR39135348_filt	mdtG	1	0	1	0	0	0	mdtG²
SRR39135348_filt	mdtH	1	0	1	0	0	0	mdtH²
SRR39135348_filt	mdtM	2	0	1	0	0	1	mdtM²⁵
SRR39135348_filt	mdtN	1	0	1	0	0	0	mdtN²
SRR39135348_filt	mdtO	1	0	1	0	0	0	mdtO²
SRR39135348_filt	mdtP	1	0	1	0	0	0	mdtP²
SRR39135348_filt	mph(A)	5	1	1	1	1	1	mph(A)¹²³⁴⁵
SRR39135348_filt	Mrx	1	0	1	0	0	0	Mrx²
SRR39135348_filt	mrx(A)	2	1	0	0	0	1	mrx(A)¹⁵
SRR39135348_filt	msbA	1	0	1	0	0	0	msbA²
SRR39135348_filt	NDM-5	5	1	1	1	1	1	NDM-5¹²³⁴⁵
SRR39135348_filt	parC_E84G	1	0	0	0	0	1	parC_E84G⁵
SRR39135348_filt	parC_S80I	1	0	0	0	0	1	parC_S80I⁵
SRR39135348_filt	Penicillin_Binding_Protein_Ecoli	1	0	0	0	1	0	Penicillin_Binding_Protein_Ecoli⁴
SRR39135348_filt	PmrF	1	0	1	0	0	0	PmrF²
SRR39135348_filt	qacEdelta1	1	0	1	0	0	0	qacEdelta1²
SRR39135348_filt	qnrB19	3	1	0	1	0	1	qnrB19¹³⁵
SRR39135348_filt	qnrB5	2	0	1	0	1	0	qnrB5²⁴
SRR39135348_filt	sul1	5	1	1	1	1	1	sul1¹²³⁴⁵
SRR39135348_filt	tet(A)	5	1	1	1	1	1	tet(A)¹²³⁴⁵
SRR39135348_filt	tetR	1	0	0	0	1	0	tetR⁴
SRR39135348_filt	TolC	1	0	1	0	0	0	TolC²
SRR39135348_filt	YojI	1	0	1	0	0	0	YojI²
SRR39135348_polished	aadA2	5	1	1	1	1	1	aadA2¹²³⁴⁵
SRR39135348_polished	acrB	1	0	1	0	0	0	acrB²
SRR39135348_polished	acrD	1	0	1	0	0	0	acrD²
SRR39135348_polished	AcrE	1	0	1	0	0	0	AcrE²
SRR39135348_polished	acrF	2	0	1	0	0	1	acrF²⁵
SRR39135348_polished	AcrS	1	0	1	0	0	0	AcrS²
SRR39135348_polished	AmpC1_Ecoli	1	0	0	0	1	0	AmpC1_Ecoli⁴
SRR39135348_polished	AmpC2_Ecoli	1	0	0	0	1	0	AmpC2_Ecoli⁴
SRR39135348_polished	ampH_Ecoli	1	0	0	0	1	0	ampH_Ecoli⁴
SRR39135348_polished	bacA	1	0	1	0	0	0	bacA²
SRR39135348_polished	blaEC	1	0	0	0	0	1	blaEC⁵
SRR39135348_polished	blaEC-19	1	1	0	0	0	0	blaEC-19¹
SRR39135348_polished	ble	1	0	0	0	0	1	ble⁵
SRR39135348_polished	ble-MBL	1	1	0	0	0	0	ble-MBL¹
SRR39135348_polished	BRP(MBL)	1	0	1	0	0	0	BRP(MBL)²
SRR39135348_polished	cpxA	1	0	1	0	0	0	cpxA²
SRR39135348_polished	CRP	1	0	1	0	0	0	CRP²
SRR39135348_polished	CTX-M-15	5	1	1	1	1	1	CTX-M-15¹²³⁴⁵
SRR39135348_polished	dfrA12	5	1	1	1	1	1	dfrA12¹²³⁴⁵
SRR39135348_polished	emrA	1	0	1	0	0	0	emrA²
SRR39135348_polished	emrB	1	0	1	0	0	0	emrB²
SRR39135348_polished	emrK	1	0	1	0	0	0	emrK²
SRR39135348_polished	emrR	1	0	1	0	0	0	emrR²
SRR39135348_polished	emrY	1	0	1	0	0	0	emrY²
SRR39135348_polished	eptA	1	0	1	0	0	0	eptA²
SRR39135348_polished	Escherichia_coli_acrA	1	0	1	0	0	0	Escherichia_coli_acrA²
SRR39135348_polished	Escherichia_coli_ampC_beta-lactamase	1	0	1	0	0	0	Escherichia_coli_ampC_beta-lactamase²
SRR39135348_polished	Escherichia_coli_emrE	1	0	1	0	0	0	Escherichia_coli_emrE²
SRR39135348_polished	Escherichia_coli_mdfA	1	0	1	0	0	0	Escherichia_coli_mdfA²
SRR39135348_polished	evgA	1	0	1	0	0	0	evgA²
SRR39135348_polished	evgS	1	0	1	0	0	0	evgS²
SRR39135348_polished	ftsI_N337NYRIN	1	0	0	0	0	1	ftsI_N337NYRIN⁵
SRR39135348_polished	gadW	1	0	1	0	0	0	gadW²
SRR39135348_polished	gadX	1	0	1	0	0	0	gadX²
SRR39135348_polished	gyrA_D87N	1	0	0	0	0	1	gyrA_D87N⁵
SRR39135348_polished	gyrA_S83L	1	0	0	0	0	1	gyrA_S83L⁵
SRR39135348_polished	H-NS	1	0	1	0	0	0	H-NS²
SRR39135348_polished	kdpE	1	0	1	0	0	0	kdpE²
SRR39135348_polished	leuO	1	0	1	0	0	0	leuO²
SRR39135348_polished	marA	1	0	1	0	0	0	marA²
SRR39135348_polished	mdtA	1	0	1	0	0	0	mdtA²
SRR39135348_polished	mdtB	1	0	1	0	0	0	mdtB²
SRR39135348_polished	mdtC	1	0	1	0	0	0	mdtC²
SRR39135348_polished	mdtE	1	0	1	0	0	0	mdtE²
SRR39135348_polished	mdtF	1	0	1	0	0	0	mdtF²
SRR39135348_polished	mdtG	1	0	1	0	0	0	mdtG²
SRR39135348_polished	mdtH	1	0	1	0	0	0	mdtH²
SRR39135348_polished	mdtM	2	0	1	0	0	1	mdtM²⁵
SRR39135348_polished	mdtN	1	0	1	0	0	0	mdtN²
SRR39135348_polished	mdtO	1	0	1	0	0	0	mdtO²
SRR39135348_polished	mdtP	1	0	1	0	0	0	mdtP²
SRR39135348_polished	mph(A)	5	1	1	1	1	1	mph(A)¹²³⁴⁵
SRR39135348_polished	Mrx	1	0	1	0	0	0	Mrx²
SRR39135348_polished	mrx(A)	2	1	0	0	0	1	mrx(A)¹⁵
SRR39135348_polished	msbA	1	0	1	0	0	0	msbA²
SRR39135348_polished	NDM-5	5	1	1	1	1	1	NDM-5¹²³⁴⁵
SRR39135348_polished	parC_E84G	1	0	0	0	0	1	parC_E84G⁵
SRR39135348_polished	parC_S80I	1	0	0	0	0	1	parC_S80I⁵
SRR39135348_polished	Penicillin_Binding_Protein_Ecoli	1	0	0	0	1	0	Penicillin_Binding_Protein_Ecoli⁴
SRR39135348_polished	PmrF	1	0	1	0	0	0	PmrF²
SRR39135348_polished	qacEdelta1	1	0	1	0	0	0	qacEdelta1²
SRR39135348_polished	qnrB19	3	1	0	1	0	1	qnrB19¹³⁵
SRR39135348_polished	qnrB5	2	0	1	0	1	0	qnrB5²⁴
SRR39135348_polished	sul1	5	1	1	1	1	1	sul1¹²³⁴⁵
SRR39135348_polished	tet(A)	5	1	1	1	1	1	tet(A)¹²³⁴⁵
SRR39135348_polished	tetR	1	0	0	0	1	0	tetR⁴
SRR39135348_polished	TolC	1	0	1	0	0	0	TolC²
SRR39135348_polished	YojI	1	0	1	0	0	0	YojI²
SRR39135405_filt	aadA	1	0	1	0	0	0	aadA²
SRR39135405_filt	aadA1	2	1	0	0	0	1	aadA1¹⁵
SRR39135405_filt	aadA1-pm	1	0	0	0	1	0	aadA1-pm⁴
SRR39135405_filt	acrB	1	0	1	0	0	0	acrB²
SRR39135405_filt	acrD	1	0	1	0	0	0	acrD²
SRR39135405_filt	AcrE	1	0	1	0	0	0	AcrE²
SRR39135405_filt	AcrF	1	0	1	0	0	0	AcrF²
SRR39135405_filt	AcrS	1	0	1	0	0	0	AcrS²
SRR39135405_filt	AmpC1_Ecoli	1	0	0	0	1	0	AmpC1_Ecoli⁴
SRR39135405_filt	AmpC2_Ecoli	1	0	0	0	1	0	AmpC2_Ecoli⁴
SRR39135405_filt	ampH_Ecoli	1	0	0	0	1	0	ampH_Ecoli⁴
SRR39135405_filt	aph(3'')-Ib	4	1	1	1	0	1	aph(3'')-Ib¹²³⁵
SRR39135405_filt	aph(6)-Id	4	1	1	1	0	1	aph(6)-Id¹²³⁵
SRR39135405_filt	bacA	1	0	1	0	0	0	bacA²
SRR39135405_filt	cpxA	1	0	1	0	0	0	cpxA²
SRR39135405_filt	CRP	1	0	1	0	0	0	CRP²
SRR39135405_filt	dfrA1	5	1	1	1	1	1	dfrA1¹²³⁴⁵
SRR39135405_filt	EC-15	3	1	1	0	0	1	EC-15¹²⁵
SRR39135405_filt	emrA	1	0	1	0	0	0	emrA²
SRR39135405_filt	emrB	1	0	1	0	0	0	emrB²
SRR39135405_filt	emrD	1	0	0	0	0	1	emrD⁵
SRR39135405_filt	emrK	1	0	1	0	0	0	emrK²
SRR39135405_filt	emrR	1	0	1	0	0	0	emrR²
SRR39135405_filt	emrY	1	0	1	0	0	0	emrY²
SRR39135405_filt	eptA	1	0	1	0	0	0	eptA²
SRR39135405_filt	Escherichia_coli_acrA	1	0	1	0	0	0	Escherichia_coli_acrA²
SRR39135405_filt	Escherichia_coli_emrE	1	0	1	0	0	0	Escherichia_coli_emrE²
SRR39135405_filt	Escherichia_coli_mdfA	1	0	1	0	0	0	Escherichia_coli_mdfA²
SRR39135405_filt	evgA	1	0	1	0	0	0	evgA²
SRR39135405_filt	evgS	1	0	1	0	0	0	evgS²
SRR39135405_filt	floR	5	1	1	1	1	1	floR¹²³⁴⁵
SRR39135405_filt	gadW	1	0	1	0	0	0	gadW²
SRR39135405_filt	gadX	1	0	1	0	0	0	gadX²
SRR39135405_filt	H-NS	1	0	1	0	0	0	H-NS²
SRR39135405_filt	kdpE	1	0	1	0	0	0	kdpE²
SRR39135405_filt	leuO	1	0	1	0	0	0	leuO²
SRR39135405_filt	marA	1	0	1	0	0	0	marA²
SRR39135405_filt	mdtA	1	0	1	0	0	0	mdtA²
SRR39135405_filt	mdtB	1	0	1	0	0	0	mdtB²
SRR39135405_filt	mdtC	1	0	1	0	0	0	mdtC²
SRR39135405_filt	mdtE	1	0	1	0	0	0	mdtE²
SRR39135405_filt	mdtF	1	0	1	0	0	0	mdtF²
SRR39135405_filt	mdtG	1	0	1	0	0	0	mdtG²
SRR39135405_filt	mdtH	1	0	1	0	0	0	mdtH²
SRR39135405_filt	mdtM	2	0	1	0	0	1	mdtM²⁵
SRR39135405_filt	mdtN	1	0	1	0	0	0	mdtN²
SRR39135405_filt	mdtO	1	0	1	0	0	0	mdtO²
SRR39135405_filt	mdtP	1	0	1	0	0	0	mdtP²
SRR39135405_filt	msbA	1	0	1	0	0	0	msbA²
SRR39135405_filt	Penicillin_Binding_Protein_Ecoli	1	0	0	0	1	0	Penicillin_Binding_Protein_Ecoli⁴
SRR39135405_filt	PmrF	1	0	1	0	0	0	PmrF²
SRR39135405_filt	qacEdelta1	1	0	1	0	0	0	qacEdelta1²
SRR39135405_filt	strA	1	0	0	0	1	0	strA⁴
SRR39135405_filt	strB	1	0	0	0	1	0	strB⁴
SRR39135405_filt	sul1	5	1	1	1	1	1	sul1¹²³⁴⁵
SRR39135405_filt	sul2	5	1	1	1	1	1	sul2¹²³⁴⁵
SRR39135405_filt	tet(A)	5	1	1	1	1	1	tet(A)¹²³⁴⁵
SRR39135405_filt	tetR	1	0	0	0	1	0	tetR⁴
SRR39135405_filt	TolC	1	0	1	0	0	0	TolC²
SRR39135405_filt	ugd	1	0	1	0	0	0	ugd²
SRR39135405_filt	YojI	1	0	1	0	0	0	YojI²
SRR39135405_polished	aadA	1	0	1	0	0	0	aadA²
SRR39135405_polished	aadA1	2	1	0	0	0	1	aadA1¹⁵
SRR39135405_polished	aadA1-pm	1	0	0	0	1	0	aadA1-pm⁴
SRR39135405_polished	acrB	1	0	1	0	0	0	acrB²
SRR39135405_polished	acrD	1	0	1	0	0	0	acrD²
SRR39135405_polished	AcrE	1	0	1	0	0	0	AcrE²
SRR39135405_polished	AcrF	1	0	1	0	0	0	AcrF²
SRR39135405_polished	AcrS	1	0	1	0	0	0	AcrS²
SRR39135405_polished	AmpC1_Ecoli	1	0	0	0	1	0	AmpC1_Ecoli⁴
SRR39135405_polished	AmpC2_Ecoli	1	0	0	0	1	0	AmpC2_Ecoli⁴
SRR39135405_polished	ampH_Ecoli	1	0	0	0	1	0	ampH_Ecoli⁴
SRR39135405_polished	aph(3'')-Ib	4	1	1	1	0	1	aph(3'')-Ib¹²³⁵
SRR39135405_polished	aph(6)-Id	4	1	1	1	0	1	aph(6)-Id¹²³⁵
SRR39135405_polished	bacA	1	0	1	0	0	0	bacA²
SRR39135405_polished	cpxA	1	0	1	0	0	0	cpxA²
SRR39135405_polished	CRP	1	0	1	0	0	0	CRP²
SRR39135405_polished	dfrA1	5	1	1	1	1	1	dfrA1¹²³⁴⁵
SRR39135405_polished	EC-15	3	1	1	0	0	1	EC-15¹²⁵
SRR39135405_polished	emrA	1	0	1	0	0	0	emrA²
SRR39135405_polished	emrB	1	0	1	0	0	0	emrB²
SRR39135405_polished	emrD	1	0	0	0	0	1	emrD⁵
SRR39135405_polished	emrK	1	0	1	0	0	0	emrK²
SRR39135405_polished	emrR	1	0	1	0	0	0	emrR²
SRR39135405_polished	emrY	1	0	1	0	0	0	emrY²
SRR39135405_polished	eptA	1	0	1	0	0	0	eptA²
SRR39135405_polished	Escherichia_coli_acrA	1	0	1	0	0	0	Escherichia_coli_acrA²
SRR39135405_polished	Escherichia_coli_emrE	1	0	1	0	0	0	Escherichia_coli_emrE²
SRR39135405_polished	Escherichia_coli_mdfA	1	0	1	0	0	0	Escherichia_coli_mdfA²
SRR39135405_polished	evgA	1	0	1	0	0	0	evgA²
SRR39135405_polished	evgS	1	0	1	0	0	0	evgS²
SRR39135405_polished	floR	5	1	1	1	1	1	floR¹²³⁴⁵
SRR39135405_polished	gadW	1	0	1	0	0	0	gadW²
SRR39135405_polished	gadX	1	0	1	0	0	0	gadX²
SRR39135405_polished	H-NS	1	0	1	0	0	0	H-NS²
SRR39135405_polished	kdpE	1	0	1	0	0	0	kdpE²
SRR39135405_polished	leuO	1	0	1	0	0	0	leuO²
SRR39135405_polished	marA	1	0	1	0	0	0	marA²
SRR39135405_polished	mdtA	1	0	1	0	0	0	mdtA²
SRR39135405_polished	mdtB	1	0	1	0	0	0	mdtB²
SRR39135405_polished	mdtC	1	0	1	0	0	0	mdtC²
SRR39135405_polished	mdtE	1	0	1	0	0	0	mdtE²
SRR39135405_polished	mdtF	1	0	1	0	0	0	mdtF²
SRR39135405_polished	mdtG	1	0	1	0	0	0	mdtG²
SRR39135405_polished	mdtH	1	0	1	0	0	0	mdtH²
SRR39135405_polished	mdtM	2	0	1	0	0	1	mdtM²⁵
SRR39135405_polished	mdtN	1	0	1	0	0	0	mdtN²
SRR39135405_polished	mdtO	1	0	1	0	0	0	mdtO²
SRR39135405_polished	mdtP	1	0	1	0	0	0	mdtP²
SRR39135405_polished	msbA	1	0	1	0	0	0	msbA²
SRR39135405_polished	Penicillin_Binding_Protein_Ecoli	1	0	0	0	1	0	Penicillin_Binding_Protein_Ecoli⁴
SRR39135405_polished	PmrF	1	0	1	0	0	0	PmrF²
SRR39135405_polished	qacEdelta1	1	0	1	0	0	0	qacEdelta1²
SRR39135405_polished	strA	1	0	0	0	1	0	strA⁴
SRR39135405_polished	strB	1	0	0	0	1	0	strB⁴
SRR39135405_polished	sul1	5	1	1	1	1	1	sul1¹²³⁴⁵
SRR39135405_polished	sul2	5	1	1	1	1	1	sul2¹²³⁴⁵
SRR39135405_polished	tet(A)	5	1	1	1	1	1	tet(A)¹²³⁴⁵
SRR39135405_polished	tetR	1	0	0	0	1	0	tetR⁴
SRR39135405_polished	TolC	1	0	1	0	0	0	TolC²
SRR39135405_polished	ugd	1	0	1	0	0	0	ugd²
SRR39135405_polished	YojI	1	0	1	0	0	0	YojI²
SRR39135406_filt	aadA5	5	1	1	1	1	1	aadA5¹²³⁴⁵
SRR39135406_filt	acrB	1	0	1	0	0	0	acrB²
SRR39135406_filt	acrD	1	0	1	0	0	0	acrD²
SRR39135406_filt	AcrE	1	0	1	0	0	0	AcrE²
SRR39135406_filt	acrF	2	0	1	0	0	1	acrF²⁵
SRR39135406_filt	AcrS	1	0	1	0	0	0	AcrS²
SRR39135406_filt	AmpC1_Ecoli	1	0	0	0	1	0	AmpC1_Ecoli⁴
SRR39135406_filt	AmpC2_Ecoli	1	0	0	0	1	0	AmpC2_Ecoli⁴
SRR39135406_filt	ampH_Ecoli	1	0	0	0	1	0	ampH_Ecoli⁴
SRR39135406_filt	aph(3'')-Ib	4	1	1	1	0	1	aph(3'')-Ib¹²³⁵
SRR39135406_filt	aph(6)-Id	4	1	1	1	0	1	aph(6)-Id¹²³⁵
SRR39135406_filt	bacA	1	0	1	0	0	0	bacA²
SRR39135406_filt	blaEC	1	0	0	0	0	1	blaEC⁵
SRR39135406_filt	blaTEM-105	1	0	0	0	1	0	blaTEM-105⁴
SRR39135406_filt	blaTEM-1B	1	0	0	1	0	0	blaTEM-1B³
SRR39135406_filt	cpxA	1	0	1	0	0	0	cpxA²
SRR39135406_filt	CRP	1	0	1	0	0	0	CRP²
SRR39135406_filt	CTX-M-27	5	1	1	1	1	1	CTX-M-27¹²³⁴⁵
SRR39135406_filt	dfrA17	5	1	1	1	1	1	dfrA17¹²³⁴⁵
SRR39135406_filt	EC-19	2	1	1	0	0	0	EC-19¹²
SRR39135406_filt	emrA	1	0	1	0	0	0	emrA²
SRR39135406_filt	emrB	1	0	1	0	0	0	emrB²
SRR39135406_filt	emrD	1	0	0	0	0	1	emrD⁵
SRR39135406_filt	emrK	1	0	1	0	0	0	emrK²
SRR39135406_filt	emrR	1	0	1	0	0	0	emrR²
SRR39135406_filt	emrY	1	0	1	0	0	0	emrY²
SRR39135406_filt	Escherichia_coli_acrA	1	0	1	0	0	0	Escherichia_coli_acrA²
SRR39135406_filt	Escherichia_coli_emrE	1	0	1	0	0	0	Escherichia_coli_emrE²
SRR39135406_filt	Escherichia_coli_mdfA	1	0	1	0	0	0	Escherichia_coli_mdfA²
SRR39135406_filt	evgS	1	0	1	0	0	0	evgS²
SRR39135406_filt	gadW	1	0	1	0	0	0	gadW²
SRR39135406_filt	gadX	1	0	1	0	0	0	gadX²
SRR39135406_filt	gyrA_S83L	1	0	0	0	0	1	gyrA_S83L⁵
SRR39135406_filt	H-NS	1	0	1	0	0	0	H-NS²
SRR39135406_filt	kdpE	1	0	1	0	0	0	kdpE²
SRR39135406_filt	leuO	1	0	1	0	0	0	leuO²
SRR39135406_filt	marA	1	0	1	0	0	0	marA²
SRR39135406_filt	marR_S3N	1	0	0	0	0	1	marR_S3N⁵
SRR39135406_filt	mdtA	1	0	1	0	0	0	mdtA²
SRR39135406_filt	mdtB	1	0	1	0	0	0	mdtB²
SRR39135406_filt	mdtC	1	0	1	0	0	0	mdtC²
SRR39135406_filt	mdtE	1	0	1	0	0	0	mdtE²
SRR39135406_filt	mdtF	1	0	1	0	0	0	mdtF²
SRR39135406_filt	mdtG	1	0	1	0	0	0	mdtG²
SRR39135406_filt	mdtH	1	0	1	0	0	0	mdtH²
SRR39135406_filt	mdtM	2	0	1	0	0	1	mdtM²⁵
SRR39135406_filt	mdtN	1	0	1	0	0	0	mdtN²
SRR39135406_filt	mdtO	1	0	1	0	0	0	mdtO²
SRR39135406_filt	mdtP	1	0	1	0	0	0	mdtP²
SRR39135406_filt	mph(A)	5	1	1	1	1	1	mph(A)¹²³⁴⁵
SRR39135406_filt	Mrx	1	0	1	0	0	0	Mrx²
SRR39135406_filt	mrx(A)	2	1	0	0	0	1	mrx(A)¹⁵
SRR39135406_filt	msbA	1	0	1	0	0	0	msbA²
SRR39135406_filt	Penicillin_Binding_Protein_Ecoli	1	0	0	0	1	0	Penicillin_Binding_Protein_Ecoli⁴
SRR39135406_filt	PmrF	1	0	1	0	0	0	PmrF²
SRR39135406_filt	qacEdelta1	1	0	1	0	0	0	qacEdelta1²
SRR39135406_filt	strA	1	0	0	0	1	0	strA⁴
SRR39135406_filt	strB	1	0	0	0	1	0	strB⁴
SRR39135406_filt	sul1	5	1	1	1	1	1	sul1¹²³⁴⁵
SRR39135406_filt	sul2	5	1	1	1	1	1	sul2¹²³⁴⁵
SRR39135406_filt	TEM-1	3	1	1	0	0	1	TEM-1¹²⁵
SRR39135406_filt	tet(A)	5	1	1	1	1	1	tet(A)¹²³⁴⁵
SRR39135406_filt	tetR	1	0	0	0	1	0	tetR⁴
SRR39135406_filt	TolC	1	0	1	0	0	0	TolC²
SRR39135406_filt	ugd	1	0	1	0	0	0	ugd²
SRR39135406_filt	YojI	1	0	1	0	0	0	YojI²
SRR39135406_polished	aadA5	5	1	1	1	1	1	aadA5¹²³⁴⁵
SRR39135406_polished	acrB	1	0	1	0	0	0	acrB²
SRR39135406_polished	acrD	1	0	1	0	0	0	acrD²
SRR39135406_polished	AcrE	1	0	1	0	0	0	AcrE²
SRR39135406_polished	acrF	2	0	1	0	0	1	acrF²⁵
SRR39135406_polished	AcrS	1	0	1	0	0	0	AcrS²
SRR39135406_polished	AmpC1_Ecoli	1	0	0	0	1	0	AmpC1_Ecoli⁴
SRR39135406_polished	AmpC2_Ecoli	1	0	0	0	1	0	AmpC2_Ecoli⁴
SRR39135406_polished	ampH_Ecoli	1	0	0	0	1	0	ampH_Ecoli⁴
SRR39135406_polished	aph(3'')-Ib	4	1	1	1	0	1	aph(3'')-Ib¹²³⁵
SRR39135406_polished	aph(6)-Id	4	1	1	1	0	1	aph(6)-Id¹²³⁵
SRR39135406_polished	bacA	1	0	1	0	0	0	bacA²
SRR39135406_polished	blaEC	1	0	0	0	0	1	blaEC⁵
SRR39135406_polished	blaTEM-105	1	0	0	0	1	0	blaTEM-105⁴
SRR39135406_polished	blaTEM-1B	1	0	0	1	0	0	blaTEM-1B³
SRR39135406_polished	cpxA	1	0	1	0	0	0	cpxA²
SRR39135406_polished	CRP	1	0	1	0	0	0	CRP²
SRR39135406_polished	CTX-M-27	5	1	1	1	1	1	CTX-M-27¹²³⁴⁵
SRR39135406_polished	dfrA17	5	1	1	1	1	1	dfrA17¹²³⁴⁵
SRR39135406_polished	EC-19	2	1	1	0	0	0	EC-19¹²
SRR39135406_polished	emrA	1	0	1	0	0	0	emrA²
SRR39135406_polished	emrB	1	0	1	0	0	0	emrB²
SRR39135406_polished	emrD	1	0	0	0	0	1	emrD⁵
SRR39135406_polished	emrK	1	0	1	0	0	0	emrK²
SRR39135406_polished	emrR	1	0	1	0	0	0	emrR²
SRR39135406_polished	emrY	1	0	1	0	0	0	emrY²
SRR39135406_polished	Escherichia_coli_acrA	1	0	1	0	0	0	Escherichia_coli_acrA²
SRR39135406_polished	Escherichia_coli_emrE	1	0	1	0	0	0	Escherichia_coli_emrE²
SRR39135406_polished	Escherichia_coli_mdfA	1	0	1	0	0	0	Escherichia_coli_mdfA²
SRR39135406_polished	evgS	1	0	1	0	0	0	evgS²
SRR39135406_polished	gadW	1	0	1	0	0	0	gadW²
SRR39135406_polished	gadX	1	0	1	0	0	0	gadX²
SRR39135406_polished	gyrA_S83L	1	0	0	0	0	1	gyrA_S83L⁵
SRR39135406_polished	H-NS	1	0	1	0	0	0	H-NS²
SRR39135406_polished	kdpE	1	0	1	0	0	0	kdpE²
SRR39135406_polished	leuO	1	0	1	0	0	0	leuO²
SRR39135406_polished	marA	1	0	1	0	0	0	marA²
SRR39135406_polished	marR_S3N	1	0	0	0	0	1	marR_S3N⁵
SRR39135406_polished	mdtA	1	0	1	0	0	0	mdtA²
SRR39135406_polished	mdtB	1	0	1	0	0	0	mdtB²
SRR39135406_polished	mdtC	1	0	1	0	0	0	mdtC²
SRR39135406_polished	mdtE	1	0	1	0	0	0	mdtE²
SRR39135406_polished	mdtF	1	0	1	0	0	0	mdtF²
SRR39135406_polished	mdtG	1	0	1	0	0	0	mdtG²
SRR39135406_polished	mdtH	1	0	1	0	0	0	mdtH²
SRR39135406_polished	mdtM	2	0	1	0	0	1	mdtM²⁵
SRR39135406_polished	mdtN	1	0	1	0	0	0	mdtN²
SRR39135406_polished	mdtO	1	0	1	0	0	0	mdtO²
SRR39135406_polished	mdtP	1	0	1	0	0	0	mdtP²
SRR39135406_polished	mph(A)	5	1	1	1	1	1	mph(A)¹²³⁴⁵
SRR39135406_polished	Mrx	1	0	1	0	0	0	Mrx²
SRR39135406_polished	mrx(A)	2	1	0	0	0	1	mrx(A)¹⁵
SRR39135406_polished	msbA	1	0	1	0	0	0	msbA²
SRR39135406_polished	Penicillin_Binding_Protein_Ecoli	1	0	0	0	1	0	Penicillin_Binding_Protein_Ecoli⁴
SRR39135406_polished	PmrF	1	0	1	0	0	0	PmrF²
SRR39135406_polished	qacEdelta1	1	0	1	0	0	0	qacEdelta1²
SRR39135406_polished	strA	1	0	0	0	1	0	strA⁴
SRR39135406_polished	strB	1	0	0	0	1	0	strB⁴
SRR39135406_polished	sul1	5	1	1	1	1	1	sul1¹²³⁴⁵
SRR39135406_polished	sul2	5	1	1	1	1	1	sul2¹²³⁴⁵
SRR39135406_polished	TEM-1	3	1	1	0	0	1	TEM-1¹²⁵
SRR39135406_polished	tet(A)	5	1	1	1	1	1	tet(A)¹²³⁴⁵
SRR39135406_polished	tetR	1	0	0	0	1	0	tetR⁴
SRR39135406_polished	TolC	1	0	1	0	0	0	TolC²
SRR39135406_polished	ugd	1	0	1	0	0	0	ugd²
SRR39135406_polished	YojI	1	0	1	0	0	0	YojI²
SRR39135407_filt	acrB	1	0	1	0	0	0	acrB²
SRR39135407_filt	acrD	1	0	1	0	0	0	acrD²
SRR39135407_filt	AcrE	1	0	1	0	0	0	AcrE²
SRR39135407_filt	acrF	2	0	1	0	0	1	acrF²⁵
SRR39135407_filt	AcrS	1	0	1	0	0	0	AcrS²
SRR39135407_filt	AmpC1_Ecoli	1	0	0	0	1	0	AmpC1_Ecoli⁴
SRR39135407_filt	AmpC2_Ecoli	1	0	0	0	1	0	AmpC2_Ecoli⁴
SRR39135407_filt	ampH_Ecoli	1	0	0	0	1	0	ampH_Ecoli⁴
SRR39135407_filt	bacA	1	0	1	0	0	0	bacA²
SRR39135407_filt	blaEC	1	0	0	0	0	1	blaEC⁵
SRR39135407_filt	cirA	1	0	0	0	0	1	cirA⁵
SRR39135407_filt	cpxA	1	0	1	0	0	0	cpxA²
SRR39135407_filt	CRP	1	0	1	0	0	0	CRP²
SRR39135407_filt	cyaA_S352T	1	0	0	0	0	1	cyaA_S352T⁵
SRR39135407_filt	EC-19	2	1	1	0	0	0	EC-19¹²
SRR39135407_filt	emrA	1	0	1	0	0	0	emrA²
SRR39135407_filt	emrB	1	0	1	0	0	0	emrB²
SRR39135407_filt	emrD	1	0	0	0	0	1	emrD⁵
SRR39135407_filt	emrK	1	0	1	0	0	0	emrK²
SRR39135407_filt	emrR	1	0	1	0	0	0	emrR²
SRR39135407_filt	emrY	1	0	1	0	0	0	emrY²
SRR39135407_filt	eptA	1	0	1	0	0	0	eptA²
SRR39135407_filt	Escherichia_coli_acrA	1	0	1	0	0	0	Escherichia_coli_acrA²
SRR39135407_filt	Escherichia_coli_emrE	1	0	1	0	0	0	Escherichia_coli_emrE²
SRR39135407_filt	Escherichia_coli_mdfA	1	0	1	0	0	0	Escherichia_coli_mdfA²
SRR39135407_filt	evgA	1	0	1	0	0	0	evgA²
SRR39135407_filt	evgS	1	0	1	0	0	0	evgS²
SRR39135407_filt	gadW	1	0	1	0	0	0	gadW²
SRR39135407_filt	gadX	1	0	1	0	0	0	gadX²
SRR39135407_filt	gyrA_S83L	1	0	0	0	0	1	gyrA_S83L⁵
SRR39135407_filt	H-NS	1	0	1	0	0	0	H-NS²
SRR39135407_filt	kdpE	1	0	1	0	0	0	kdpE²
SRR39135407_filt	leuO	1	0	1	0	0	0	leuO²
SRR39135407_filt	marA	1	0	1	0	0	0	marA²
SRR39135407_filt	mdtA	1	0	1	0	0	0	mdtA²
SRR39135407_filt	mdtB	1	0	1	0	0	0	mdtB²
SRR39135407_filt	mdtC	1	0	1	0	0	0	mdtC²
SRR39135407_filt	mdtE	1	0	1	0	0	0	mdtE²
SRR39135407_filt	mdtF	1	0	1	0	0	0	mdtF²
SRR39135407_filt	mdtG	1	0	1	0	0	0	mdtG²
SRR39135407_filt	mdtH	1	0	1	0	0	0	mdtH²
SRR39135407_filt	mdtM	2	0	1	0	0	1	mdtM²⁵
SRR39135407_filt	mdtN	1	0	1	0	0	0	mdtN²
SRR39135407_filt	mdtO	1	0	1	0	0	0	mdtO²
SRR39135407_filt	mdtP	1	0	1	0	0	0	mdtP²
SRR39135407_filt	msbA	1	0	1	0	0	0	msbA²
SRR39135407_filt	parE_I355T	1	0	0	0	0	1	parE_I355T⁵
SRR39135407_filt	Penicillin_Binding_Protein_Ecoli	1	0	0	0	1	0	Penicillin_Binding_Protein_Ecoli⁴
SRR39135407_filt	PmrF	1	0	1	0	0	0	PmrF²
SRR39135407_filt	TolC	1	0	1	0	0	0	TolC²
SRR39135407_filt	ugd	1	0	1	0	0	0	ugd²
SRR39135407_filt	uhpT_E350Q	1	0	0	0	0	1	uhpT_E350Q⁵
SRR39135407_filt	YojI	1	0	1	0	0	0	YojI²
SRR39135407_polished	acrB	1	0	1	0	0	0	acrB²
SRR39135407_polished	acrD	1	0	1	0	0	0	acrD²
SRR39135407_polished	AcrE	1	0	1	0	0	0	AcrE²
SRR39135407_polished	acrF	2	0	1	0	0	1	acrF²⁵
SRR39135407_polished	AcrS	1	0	1	0	0	0	AcrS²
SRR39135407_polished	AmpC1_Ecoli	1	0	0	0	1	0	AmpC1_Ecoli⁴
SRR39135407_polished	AmpC2_Ecoli	1	0	0	0	1	0	AmpC2_Ecoli⁴
SRR39135407_polished	ampH_Ecoli	1	0	0	0	1	0	ampH_Ecoli⁴
SRR39135407_polished	bacA	1	0	1	0	0	0	bacA²
SRR39135407_polished	blaEC	1	0	0	0	0	1	blaEC⁵
SRR39135407_polished	cirA	1	0	0	0	0	1	cirA⁵
SRR39135407_polished	cpxA	1	0	1	0	0	0	cpxA²
SRR39135407_polished	CRP	1	0	1	0	0	0	CRP²
SRR39135407_polished	cyaA_S352T	1	0	0	0	0	1	cyaA_S352T⁵
SRR39135407_polished	EC-19	2	1	1	0	0	0	EC-19¹²
SRR39135407_polished	emrA	1	0	1	0	0	0	emrA²
SRR39135407_polished	emrB	1	0	1	0	0	0	emrB²
SRR39135407_polished	emrD	1	0	0	0	0	1	emrD⁵
SRR39135407_polished	emrK	1	0	1	0	0	0	emrK²
SRR39135407_polished	emrR	1	0	1	0	0	0	emrR²
SRR39135407_polished	emrY	1	0	1	0	0	0	emrY²
SRR39135407_polished	eptA	1	0	1	0	0	0	eptA²
SRR39135407_polished	Escherichia_coli_acrA	1	0	1	0	0	0	Escherichia_coli_acrA²
SRR39135407_polished	Escherichia_coli_emrE	1	0	1	0	0	0	Escherichia_coli_emrE²
SRR39135407_polished	Escherichia_coli_mdfA	1	0	1	0	0	0	Escherichia_coli_mdfA²
SRR39135407_polished	evgA	1	0	1	0	0	0	evgA²
SRR39135407_polished	evgS	1	0	1	0	0	0	evgS²
SRR39135407_polished	gadW	1	0	1	0	0	0	gadW²
SRR39135407_polished	gadX	1	0	1	0	0	0	gadX²
SRR39135407_polished	gyrA_S83L	1	0	0	0	0	1	gyrA_S83L⁵
SRR39135407_polished	H-NS	1	0	1	0	0	0	H-NS²
SRR39135407_polished	kdpE	1	0	1	0	0	0	kdpE²
SRR39135407_polished	leuO	1	0	1	0	0	0	leuO²
SRR39135407_polished	marA	1	0	1	0	0	0	marA²
SRR39135407_polished	mdtA	1	0	1	0	0	0	mdtA²
SRR39135407_polished	mdtB	1	0	1	0	0	0	mdtB²
SRR39135407_polished	mdtC	1	0	1	0	0	0	mdtC²
SRR39135407_polished	mdtE	1	0	1	0	0	0	mdtE²
SRR39135407_polished	mdtF	1	0	1	0	0	0	mdtF²
SRR39135407_polished	mdtG	1	0	1	0	0	0	mdtG²
SRR39135407_polished	mdtH	1	0	1	0	0	0	mdtH²
SRR39135407_polished	mdtM	2	0	1	0	0	1	mdtM²⁵
SRR39135407_polished	mdtN	1	0	1	0	0	0	mdtN²
SRR39135407_polished	mdtO	1	0	1	0	0	0	mdtO²
SRR39135407_polished	mdtP	1	0	1	0	0	0	mdtP²
SRR39135407_polished	msbA	1	0	1	0	0	0	msbA²
SRR39135407_polished	parE_I355T	1	0	0	0	0	1	parE_I355T⁵
SRR39135407_polished	Penicillin_Binding_Protein_Ecoli	1	0	0	0	1	0	Penicillin_Binding_Protein_Ecoli⁴
SRR39135407_polished	PmrF	1	0	1	0	0	0	PmrF²
SRR39135407_polished	TolC	1	0	1	0	0	0	TolC²
SRR39135407_polished	ugd	1	0	1	0	0	0	ugd²
SRR39135407_polished	uhpT_E350Q	1	0	0	0	0	1	uhpT_E350Q⁵
SRR39135407_polished	YojI	1	0	1	0	0	0	YojI²
